ResearchID,AAC_clinical_grade,CPC_clinical_grade,HAC_clinical_grade,ICAC_clinical_grade,NC_clinical_grade,OBG_clinical_grade,OPC_clinical_grade,PC_clinical_grade,RCC_clinical_grade,AAC_Final_Course_Grade,CPC_Final_Course_Grade,EC_Final_Course_Grade,HAC_Final_Course_Grade,ICAC_Final_Course_Grade,MSK_Final_Course_Grade,NC_Final_Course_Grade,OBG_Final_Course_Grade,OPC_Final_Course_Grade,PC_Final_Course_Grade,RCC_Final_Course_Grade,OPC_Clin_Grade_Sub,OPC_Clin_Grade_Anes,gender,URM,URM_AAMC,STEP1_PassFail,STEP2CK_PassFail,STEP1_ExamScore,STEP2CK_ExamScore,amcasEthnicityDesc,amcas_othethnicity,additional_ethnicity,race_desc,race_cat_desc,additional_race,P1SprBates_PhysExamScore,P1SprBates_CommScore,P1SprBates_MedDocScore,P1FallBodySys_PhysExamScore,P2FallRamos_PhysExamScore,P2FallRamos_CommScore,P2FallRamos_OralPresScore,P2FallPayne_PhysExamScore,P2FallPayne_CommScore,P2FallPayne_MedDocScore,P2SpringHyde_PhysExamScore,P2SpringHyde_CommScore,P2SpringHyde_MedDocScore,P2SpringSnelling_PhysExamScore,P2SpringSnelling_CommScore,P2SpringSnelling_MedDocScore
101098,,3,2,2,3,,3,3,,,3,1,2,2,,3,,3,3,,1,2,M,0,0,P,P,248,257,,,Other Non-URM,Asian,Asian,Asian; White,100.00,85.00,65.00,92.98,100.00,100.00,100.00,81.16,57.14,96.00,90.91,100.00,82.50,92.03,80.00,95.00
101103,,3,3,3,,2,3,,,,3,1,3,3,1,,2,3,,,3,3,F,0,0,P,P,227,246,,,White,White,White,White,94.12,100.00,100.00,95.16,100.00,100.00,100.00,87.68,89.29,96.00,88.64,100.00,90.00,85.51,85.00,100.00
101145,,2,2,1,2,,2,2,,,2,1,2,1,,2,,2,2,,3,2,F,1,1,P,P,223,251,,,Black or African American,African,Black or African American,Black or African American,91.18,80.00,72.50,98.28,96.15,100.00,100.00,78.99,96.43,92.00,86.36,80.00,67.50,78.99,80.00,
101166,,2,2,2,,2,2,,,,2,1,2,2,1,1,2,1,,,2,1,F,1,0,P,P,220,225,,,Asian Vietnamese,Asian,Asian,Asian,97.06,95.00,100.00,89.13,92.31,95.00,100.00,92.03,96.43,100.00,87.50,95.00,83.75,83.33,85.00,95.00
101180,,3,,1,3,3,3,2,,,3,1,,1,1,3,3,3,2,,3,3,F,0,0,P,P,250,256,,,White,White,White,White,89.71,100.00,100.00,96.94,84.62,90.00,100.00,92.03,100.00,96.00,100.00,95.00,88.75,92.03,100.00,100.00
101186,,,1,1,1,3,2,1,,,,1,1,1,1,1,3,1,1,,2,1,M,0,0,P,P,219,226,,,White,White,White,White,83.82,85.00,77.50,85.96,100.00,90.00,70.00,81.16,82.14,88.00,77.27,100.00,100.00,42.75,100.00,100.00
101276,,2,2,,2,1,2,1,,,1,1,2,,1,2,2,2,1,,2,2,F,0,0,P,P,249,252,,,White,White,White,White,95.59,85.00,100.00,92.86,92.31,100.00,100.00,98.55,100.00,96.00,87.50,90.00,97.50,89.86,75.00,72.50
101293,,,2,1,2,,,,,,1,1,2,1,1,2,3,3,2,,,,M,0,0,P,P,233,257,,,White,White,White,White,92.65,100.00,95.00,95.65,100.00,100.00,100.00,78.99,92.86,72.00,89.77,100.00,100.00,81.16,80.00,95.00
101317,,3,1,1,2,2,,3,,,3,1,1,1,1,2,2,,3,,,,M,0,0,P,P,233,241,,,White,White,White,White,94.12,95.00,100.00,96.81,100.00,100.00,100.00,87.68,89.29,100.00,90.91,95.00,98.75,96.38,100.00,100.00
101378,2,,2,2,2,3,1,3,3,2,,1,2,2,1,2,2,1,3,3,,2,M,1,1,P,P,225,233,"Hispanic, Latino, or of Spanish origin",,Spanish/Hispanic/Latino/Latina,,,,,,,,,,,,,,,,,,,
101483,1,,3,2,1,2,2,1,3,1,,1,2,2,1,1,2,1,1,2,2,1,F,1,1,P,P,223,238,"Hispanic, Latino, or of Spanish origin",,"Mexican, Mexican American, Chicano/Chicana",White,White,,,,,,,,,,,,,,,,,
101655,,2,3,3,3,,3,1,,,2,1,2,3,1,3,,3,1,,3,3,M,0,0,P,P,247,251,,,White,White,White,White,98.53,100.00,100.00,83.67,100.00,100.00,100.00,85.51,89.29,100.00,86.36,100.00,100.00,92.03,70.00,100.00
101668,,3,3,3,,2,3,2,,,3,1,3,3,,1,2,3,2,,3,2,F,0,0,P,P,244,266,,,White,White,White,White,91.18,80.00,90.00,92.86,100.00,100.00,100.00,83.33,100.00,92.00,89.77,100.00,85.00,98.55,90.00,
101721,,,2,2,3,3,2,1,,,,1,2,2,1,3,3,3,1,,3,3,M,0,0,P,P,248,257,,,White,White,White,White,97.06,100.00,95.00,98.15,100.00,100.00,100.00,98.55,92.86,92.00,97.73,95.00,98.75,96.38,100.00,95.00
101898,,,2,2,2,1,3,1,,,,1,2,2,1,1,1,3,1,,2,2,M,0,0,P,P,232,225,,,White,White,White,White,94.12,95.00,82.50,92.39,92.31,100.00,100.00,92.03,100.00,96.00,87.50,80.00,85.00,74.64,85.00,90.00
101990,,,3,3,3,,,,,,1,1,3,3,1,3,2,1,1,,,,F,1,1,F,P,189,218,,,Black or African American,African,Black or African American,Black or African American,92.65,95.00,82.50,87.00,92.31,100.00,90.00,85.51,96.43,88.00,68.18,85.00,68.75,92.03,95.00,
102055,,2,3,,2,3,3,1,,,2,1,3,,,2,3,3,1,,,,M,0,0,P,P,258,276,,,White,White,White,White,95.59,100.00,100.00,,96.15,100.00,100.00,89.86,100.00,96.00,95.45,100.00,90.00,81.16,100.00,
102087,,2,,1,1,2,2,2,,,2,1,,1,1,1,2,2,2,,3,3,M,1,1,P,P,217,235,"Hispanic, Latino, or of Spanish origin",,American Indian or Alaska Native,American Indian or Alaskan Native,American Indian or Alaska Native,,85.29,75.00,95.00,90.22,100.00,100.00,100.00,78.99,96.43,70.00,52.27,80.00,72.50,83.33,100.00,100.00
102124,2,,1,1,3,1,3,1,2,2,,1,1,1,1,3,1,2,1,2,,,F,0,0,P,P,242,253,,,Asian Chinese,Asian,Asian,,,,,,,,,,,,,,,,,
102134,1,,1,1,2,1,2,2,1,1,,1,1,1,1,2,1,2,2,1,3,3,F,0,0,P,P,216,211,,,White,White,White,,,,,,,,,,,,,,,,,
102176,,2,2,,3,1,2,2,,,2,1,2,,1,3,1,2,2,,3,3,F,0,0,P,P,202,236,,,Asian Chinese,Asian,Asian,Asian,89.71,95.00,100.00,81.91,92.31,100.00,100.00,92.03,100.00,96.00,84.09,100.00,77.50,74.64,100.00,82.50
102196,,3,1,1,3,1,,3,,,3,1,1,1,1,3,1,,3,,,,F,1,1,P,P,212,235,"Hispanic, Latino, or of Spanish origin",,American Indian or Alaska Native,White,White,,94.12,95.00,85.00,82.98,84.62,95.00,100.00,94.20,100.00,92.00,84.09,80.00,80.00,98.55,80.00,95.00
102263,,1,1,2,,1,1,3,,,1,1,1,2,1,1,1,1,3,,,1,M,1,1,P,P,217,237,"Hispanic, Latino, or of Spanish origin",,Spanish/Hispanic/Latino/Latina,White,White,"Hispanic, Latino, or of Spanish origin; White",82.35,90.00,77.50,83.06,88.46,60.00,100.00,74.64,96.43,96.00,76.14,75.00,88.75,89.86,100.00,82.50
102306,,3,3,,2,2,1,3,,,3,1,3,,1,2,2,1,3,,2,1,F,0,0,P,P,211,239,,,White,White,White,White,95.59,90.00,95.00,92.74,96.15,90.00,100.00,98.55,96.43,96.00,86.36,80.00,95.00,76.81,100.00,82.50
102342,,2,3,3,,3,2,1,,,2,1,3,3,,1,3,2,1,,3,2,F,1,1,P,P,223,256,,,Black or African American,Black or African American,Black or African American,Black or African American,89.71,95.00,95.00,87.90,100.00,100.00,95.00,90.58,92.86,100.00,79.55,70.00,65.00,28.26,100.00,85.00
102363,,1,2,1,,1,3,3,,,1,1,2,1,,1,1,3,3,,1,2,F,0,0,P,P,231,242,,,White,White,White,White,98.53,85.00,95.00,97.41,96.15,100.00,100.00,87.68,75.00,96.00,84.09,100.00,85.00,78.99,80.00,60.00
102395,,2,1,,2,3,1,1,,,2,1,1,,,1,2,1,1,,,,M,0,0,P,P,232,237,,,White,White,White,White,98.53,95.00,100.00,99.11,100.00,95.00,90.00,92.03,92.86,100.00,97.73,90.00,87.50,96.38,95.00,100.00
102474,,,3,3,2,,,,,,1,1,3,3,1,2,3,3,1,,,,F,0,0,P,P,242,264,,,White,White,White,White,100.00,95.00,95.00,96.61,100.00,85.00,100.00,94.20,100.00,82.00,85.23,100.00,90.00,98.55,90.00,100.00
102613,,3,3,2,,3,2,2,,,3,1,3,2,1,1,3,2,2,,,2,F,0,0,P,P,210,240,,,White,White,White,White,92.65,90.00,95.00,88.78,96.15,90.00,100.00,89.86,96.43,96.00,80.68,80.00,90.00,89.86,75.00,80.00
102771,,,2,2,3,,,,,,1,1,2,2,1,3,3,2,3,,,,F,0,0,P,P,249,260,,,Other Non-URM,Other,Other,Other; White,97.06,95.00,100.00,95.45,100.00,100.00,95.00,89.86,100.00,96.00,93.18,100.00,100.00,89.86,100.00,90.00
102841,,3,3,3,,3,3,3,,,3,1,3,3,,1,3,3,3,,3,3,F,0,0,P,P,250,256,,,White,White,White,White,97.06,100.00,100.00,93.10,96.15,100.00,100.00,92.03,96.43,100.00,81.82,90.00,87.50,88.41,95.00,100.00
102887,,2,,2,,,2,3,,,1,1,,1,,,,1,3,,2,2,M,0,0,P,P,199,234,,,White,White,White,White,66.18,80.00,95.00,97.41,100.00,100.00,85.00,92.03,85.71,96.00,89.77,80.00,77.50,81.16,100.00,95.00
102898,,2,2,2,2,1,2,3,,,2,1,2,2,1,1,1,1,2,,3,2,M,1,0,F,P,177,230,,,Asian Vietnamese,Asian,Asian,,,,,,,,,,,,,,,,,
102944,,3,3,1,2,3,3,2,,,3,1,3,1,1,2,1,2,2,,2,1,M,0,0,P,P,239,227,,,Other Non-URM,Other,Other,,,,,,,,,,,,,,,,,
102988,,2,2,3,,3,2,2,,,2,1,2,3,,1,3,2,2,,3,2,F,0,0,P,P,230,259,,,White,White,White,White,94.12,95.00,100.00,100.00,100.00,90.00,100.00,94.93,92.86,100.00,94.32,95.00,98.75,96.38,90.00,72.50
103097,,2,2,2,2,2,3,,,,2,1,2,2,,2,2,3,,,3,2,M,0,0,P,P,223,244,,,White,White,White,White,91.18,100.00,95.00,93.97,92.31,95.00,100.00,94.20,78.57,92.00,77.27,60.00,90.00,89.86,95.00,85.00
103161,,1,2,2,2,1,2,3,,,1,1,2,2,1,2,1,2,3,,2,2,M,1,1,P,P,223,244,"Hispanic, Latino, or of Spanish origin",,Spanish/Hispanic/Latino/Latina,White,White,"Hispanic, Latino, or of Spanish origin; White",60.29,80.00,77.50,90.83,100.00,90.00,95.00,92.03,85.71,92.00,87.50,90.00,97.50,89.86,100.00,85.00
103176,,3,,1,2,1,2,1,,,3,1,,1,1,1,1,2,1,,2,2,M,1,0,P,P,208,230,,,Asian Vietnamese,Asian,Asian,Asian,86.76,90.00,100.00,93.00,96.15,90.00,100.00,85.51,92.86,72.00,80.68,40.00,85.00,76.81,100.00,95.00
103241,,2,1,3,2,2,3,,,,2,1,1,3,1,2,2,3,,,3,2,M,0,0,P,P,233,241,,,White,White,White,White,89.71,70.00,100.00,92.55,100.00,100.00,90.00,89.86,96.43,92.00,78.41,100.00,100.00,70.29,100.00,86.00
103270,,3,3,3,2,3,2,2,,,3,1,3,3,1,2,2,2,2,,2,2,F,1,1,P,P,224,242,"Hispanic, Latino, or of Spanish origin",,Spanish/Hispanic/Latino/Latina,White,White,,,,,,,,,,,,,,,,,
103290,,3,3,,2,1,2,2,,,3,1,3,,1,2,1,2,2,,2,1,M,0,0,P,P,251,260,,,White,White,White,White,91.18,90.00,90.00,94.00,80.77,95.00,100.00,92.03,100.00,96.00,84.09,95.00,92.50,51.45,90.00,95.00
103316,3,,3,2,3,3,3,3,3,3,,1,3,2,1,3,2,2,2,3,,2,F,0,0,P,P,224,236,,,White,White,White,,,,,,,,,,,,,,,,,
103392,,2,,3,3,2,2,1,,,2,1,,3,1,3,2,2,1,,2,2,F,0,0,P,P,230,261,,,White,White,White,White,95.59,95.00,100.00,89.00,100.00,100.00,100.00,83.33,75.00,96.00,92.05,70.00,92.50,94.20,100.00,95.00
103479,,,3,2,2,1,3,2,,,,1,3,2,1,3,1,3,2,,2,2,M,0,0,P,P,211,238,,,White,White,White,White,88.24,95.00,100.00,97.22,88.46,85.00,90.00,80.43,92.86,100.00,88.64,100.00,77.50,85.51,65.00,
103531,,3,2,1,2,,,2,,,2,1,2,1,1,2,,,2,,,,F,0,0,P,P,233,231,Not Spanish/Hispanic/Latino/Latina,,Not Hispanic or Latino,White,White,White,,,,,,,,,,,,,,,,
103650,,2,3,,2,3,3,1,,,2,1,3,,,2,3,3,1,,3,3,F,0,0,P,P,236,262,,,White,White,White,White,89.71,90.00,95.00,93.55,100.00,100.00,100.00,87.68,100.00,100.00,86.36,100.00,100.00,83.33,90.00,90.00
103672,,2,1,2,,3,3,2,,,1,1,1,2,,1,3,3,2,,3,3,M,1,1,F,P,192,262,"Hispanic, Latino, or of Spanish origin",,Spanish/Hispanic/Latino/Latina,,,"Hispanic, Latino, or of Spanish origin",100.00,100.00,100.00,94.57,96.15,90.00,100.00,90.58,100.00,96.00,89.77,80.00,85.00,76.81,75.00,95.00
103694,,3,3,1,2,2,,1,,,2,1,2,1,1,1,2,,1,,,,M,3,3,P,P,235,248,,,Decline to Respond,,,,,,,,,,,,,,,,,,,
103712,,,3,2,2,,,,,,1,1,3,2,1,2,3,3,2,,,,M,0,0,P,P,261,260,,,White,White,White,White,97.06,100.00,100.00,86.96,88.46,95.00,90.00,87.68,96.43,96.00,96.59,100.00,100.00,94.20,95.00,95.00
103730,,1,1,1,1,1,,1,,,1,1,1,1,1,1,9,,1,,,,M,0,0,P,P,199,228,,,White,White,White,White,97.06,90.00,100.00,84.75,96.15,95.00,95.00,90.58,92.86,82.00,89.77,90.00,97.50,76.81,100.00,95.00
103764,2,,1,1,3,3,1,2,1,2,,1,1,1,1,3,2,1,3,1,1,2,M,0,0,P,P,234,236,,,Asian Chinese,Asian,Asian,,,,,,,,,,,,,,,,,
103782,,3,1,2,,1,3,3,,,1,1,1,2,,1,1,2,3,,2,3,M,1,1,P,P,209,212,"Hispanic, Latino, or of Spanish origin",,American Indian or Alaska Native,American Indian or Alaskan Native,American Indian or Alaska Native,,89.71,90.00,100.00,74.47,92.31,100.00,100.00,78.99,96.43,100.00,59.09,90.00,82.50,85.51,100.00,
103811,,3,3,3,2,,2,,,,3,1,3,1,,2,,1,,,3,3,M,0,0,F,P,184,228,,,White,White,White,White,94.12,90.00,95.00,93.97,100.00,100.00,100.00,83.33,96.43,96.00,95.45,90.00,97.50,85.51,100.00,77.50
103839,,3,3,3,,2,1,3,,,2,1,3,3,,1,2,1,3,,,,F,0,0,P,P,215,246,,,White,White,White,White,98.53,95.00,100.00,97.41,100.00,100.00,100.00,87.68,100.00,100.00,90.91,85.00,91.25,89.86,95.00,100.00
103855,,2,1,3,2,,2,2,,,2,1,1,3,1,2,,2,2,,2,2,M,0,0,P,P,242,259,,,White,White,White,White,91.18,100.00,100.00,91.13,100.00,85.00,95.00,94.20,85.71,86.00,87.50,95.00,76.25,81.16,100.00,95.00
103906,,3,2,,2,2,2,3,,,3,1,2,,1,2,2,1,3,,2,1,M,0,0,P,P,200,238,,,Asian Japanese,Asian,Asian,Asian; White,92.65,100.00,100.00,88.04,100.00,95.00,90.00,94.20,100.00,96.00,89.77,90.00,87.50,79.71,100.00,90.00
103921,,2,,2,3,3,3,3,,,2,1,,2,1,3,3,3,3,,3,3,F,1,1,P,P,205,239,,,Black or African American,African American,Black or African American,Black or African American,85.29,100.00,100.00,92.24,92.31,100.00,100.00,89.86,89.29,96.00,75.00,100.00,85.00,92.03,100.00,
103943,,,3,3,3,3,3,3,,,,1,3,3,1,3,3,3,3,,3,2,F,0,0,P,P,237,255,,,White,White,White,White,94.12,90.00,95.00,91.84,100.00,100.00,100.00,87.68,96.43,96.00,88.64,100.00,72.50,83.33,100.00,95.00
103962,2,,2,1,2,3,3,1,2,2,,1,2,1,1,3,3,3,1,2,2,3,M,0,0,P,P,242,262,,,White,White,White,,,,,,,,,,,,,,,,,
103969,,3,,,,,,,,,3,1,,,,,,,,,,,F,0,0,P,P,231,251,,,Asian Chinese,Asian,Asian,Asian; White,85.29,80.00,95.00,95.74,92.31,80.00,90.00,94.20,100.00,96.00,88.64,90.00,97.50,98.55,95.00,95.00
103984,,,2,2,2,,,,,,1,1,2,2,1,1,1,2,3,,,,M,1,1,P,P,228,233,"Hispanic, Latino, or of Spanish origin",,Spanish/Hispanic/Latino/Latina,,,,,,,,,,,,,,,,,,,
104014,2,,2,2,2,1,2,2,2,2,,1,2,2,1,1,1,2,2,2,,2,F,0,0,P,P,227,235,,,White,White,White,,,,,,,,,,,,,,,,,
104075,,2,2,2,3,,2,2,,,2,1,2,2,,3,,2,2,,2,3,M,3,3,P,P,246,248,,,Decline to Respond,,,Unknown,94.12,100.00,100.00,93.33,100.00,100.00,90.00,87.68,82.14,100.00,76.14,80.00,95.00,83.33,90.00,95.00
104091,,,2,2,2,3,2,3,,,,1,1,2,1,2,3,2,3,,1,2,M,1,0,P,P,223,220,,,Asian Vietnamese,Asian,Asian,Asian,,,,,,,,,,,73.86,95.00,83.75,83.33,70.00,95.00
104118,,1,3,2,3,2,3,3,,,1,1,3,2,1,3,2,3,3,,3,3,F,0,0,P,P,257,260,,,White,White,White,White,92.65,90.00,95.00,92.86,84.62,100.00,80.00,89.86,92.86,96.00,86.36,100.00,65.00,74.64,90.00,100.00
104165,,3,1,3,1,1,1,1,,,2,1,1,2,1,1,1,1,1,,2,2,F,0,0,P,P,217,228,,,White,White,White,,,,,,,,,,,,,,,,,
104170,3,,3,3,3,3,3,3,3,3,,1,3,3,1,3,3,3,3,2,,3,F,0,0,P,P,231,270,,,White,White,White,,,,,,,,,,,,,,,,,
104209,,2,3,3,3,3,3,,,,2,1,3,3,1,3,3,3,,,3,3,F,0,0,P,P,228,245,,,White,White,White,,,,,,,,,,,,,,,,,
104299,,3,3,3,2,2,1,,,,3,1,3,3,,3,2,1,,,,,M,0,0,P,P,210,239,,,Asian Japanese,Asian,Asian,Asian; White,95.59,95.00,100.00,89.66,76.92,100.00,90.00,88.41,100.00,84.00,94.32,75.00,88.75,83.33,90.00,77.50
104318,,,3,2,3,3,2,2,,,,1,2,2,1,3,3,2,2,,2,3,M,1,1,P,P,230,231,,,Black or African American,African,Black or African American,Black or African American,92.65,80.00,100.00,93.10,100.00,90.00,95.00,87.68,96.43,78.00,95.45,100.00,95.00,87.68,100.00,90.00
104336,,2,1,1,1,1,,1,,,1,1,1,1,1,1,1,,1,,,,M,1,1,P,P,214,227,,,American Indian or Alaska Native,American Indian or Alaskan Native,American Indian or Alaska Native,American Indian or Alaska Native; White,89.71,95.00,100.00,77.68,88.46,90.00,100.00,86.23,89.29,100.00,75.00,75.00,93.75,83.33,100.00,77.50
104351,,3,3,2,3,,3,2,,,2,1,3,2,,3,,3,2,,3,3,M,0,0,P,P,232,237,,,White,White,White,White,98.53,100.00,95.00,95.74,100.00,90.00,100.00,74.64,92.86,92.00,89.77,100.00,100.00,85.51,75.00,67.50
104384,,3,1,3,,1,1,,,,3,1,1,3,1,,1,1,,,2,2,F,1,1,F,P,189,212,,,American Indian or Alaska Native,American Indian or Alaskan Native,American Indian or Alaska Native,American Indian or Alaska Native; White,95.59,100.00,95.00,80.51,92.31,95.00,100.00,89.86,100.00,100.00,72.73,95.00,83.75,98.55,100.00,
104406,,3,3,2,2,,2,3,,,3,1,3,2,,2,,2,3,,2,3,M,0,0,P,P,260,265,,,White,White,White,White,97.06,95.00,100.00,97.00,96.15,100.00,100.00,87.68,96.43,96.00,95.45,100.00,90.00,87.68,90.00,90.00
104436,3,,2,2,2,2,1,1,2,3,,1,2,2,1,2,2,1,1,2,2,1,F,1,1,P,P,223,233,"Hispanic, Latino, or of Spanish origin",,Spanish/Hispanic/Latino/Latina,,,,,,,,,,,,,,,,,,,
104457,,2,3,3,,2,2,1,,,2,1,3,3,1,1,2,2,1,,,3,F,0,0,P,P,223,234,,,White,White,White,,,,,,,,,,,,,,,,,
104466,,,,,1,,,,,,,1,,,,1,,,,,,,M,1,1,P,P,203,211,,,Black or African American,Afro-Caribbean,Black or African American,Black or African American,75.00,60.00,77.50,67.74,100.00,85.00,95.00,81.88,82.14,64.00,51.14,80.00,55.00,70.29,100.00,95.00
104525,,3,3,3,2,,3,3,,,3,1,3,3,1,2,,2,3,,2,1,M,0,0,P,P,219,240,Not Spanish/Hispanic/Latino/Latina,,Not Hispanic or Latino,White,White,White,,,,,,,,,,,,,,,,
104530,1,,1,1,2,1,1,1,1,1,,1,1,1,1,1,1,1,1,1,2,3,M,1,1,P,P,197,211,,,Native Hawaiian,Asian,Asian,,,,,,,,,,,,,,,,,
104546,,2,2,2,,2,1,,,,2,1,2,2,1,1,2,1,,,3,2,F,1,1,P,P,249,252,"Hispanic, Latino, or of Spanish origin",,Spanish/Hispanic/Latino/Latina,White,White,"Hispanic, Latino, or of Spanish origin; White",97.06,100.00,77.50,98.94,100.00,100.00,100.00,92.03,100.00,100.00,78.41,95.00,98.75,96.38,90.00,77.50
104576,,3,3,3,2,2,,2,,,2,1,3,3,1,2,2,,2,,,,F,0,0,P,P,230,245,,,White,White,White,White,100.00,90.00,100.00,96.81,96.15,100.00,95.00,87.68,100.00,100.00,94.32,100.00,100.00,57.25,90.00,90.00
104584,,3,3,3,3,3,,2,,,3,1,3,3,1,3,3,,2,,,,F,0,0,P,P,248,270,,,White,White,White,White,95.59,100.00,100.00,96.81,100.00,100.00,100.00,94.20,100.00,100.00,95.45,100.00,100.00,94.20,85.00,100.00
104623,,2,3,,2,3,3,3,,,1,1,2,,1,2,3,3,3,,3,3,F,0,0,P,P,221,240,,,White,White,White,,,,,,,,,,,,,,,,,
104727,,3,3,1,2,2,3,,,,3,1,3,1,,2,2,3,,,1,2,M,1,1,P,P,219,251,"Hispanic, Latino, or of Spanish origin",,Spanish/Hispanic/Latino/Latina,,,"Hispanic, Latino, or of Spanish origin",95.59,80.00,100.00,95.97,100.00,85.00,90.00,96.38,96.43,100.00,86.36,95.00,98.75,98.55,85.00,90.00
104754,,2,,1,2,2,3,3,,,1,1,,1,1,1,1,2,3,,2,2,F,0,0,F,P,186,209,,,White,White,White,White,91.18,90.00,100.00,92.74,96.15,60.00,85.00,94.20,78.57,100.00,82.95,85.00,86.25,89.86,100.00,
104786,,1,2,1,2,1,1,1,,,1,1,2,1,1,2,1,1,1,,2,2,M,0,0,P,P,224,229,,,White,White,White,White,94.12,95.00,95.00,88.79,88.46,100.00,100.00,96.38,92.86,96.00,69.32,100.00,60.00,78.99,100.00,47.50
104826,,3,3,3,3,2,,2,,,2,1,3,3,1,3,2,,2,,,,F,1,1,P,P,246,254,Colombian,,Spanish/Hispanic/Latino/Latina,,,"Hispanic, Latino, or of Spanish origin",100.00,90.00,100.00,90.52,92.31,100.00,95.00,72.46,96.43,92.00,93.18,100.00,95.00,76.81,100.00,90.00
104858,,3,3,2,,2,1,2,,,2,1,3,2,1,1,2,1,2,,,3,F,0,0,P,P,227,250,,,White,White,White,White,97.06,100.00,95.00,91.23,92.31,90.00,100.00,96.38,100.00,74.00,84.09,100.00,72.50,81.16,100.00,90.00
104881,,2,3,1,,3,3,,,,1,1,3,1,1,1,3,3,,,3,3,M,0,0,P,P,243,248,,,White,White,White,White,86.76,70.00,90.00,89.47,84.62,80.00,95.00,84.06,100.00,96.00,86.36,95.00,98.75,92.03,100.00,90.00
104923,,3,,2,2,2,,1,,,2,1,3,2,1,2,2,,1,,,,F,0,0,P,P,213,252,,,White,White,White,White,89.71,90.00,100.00,92.42,96.15,100.00,100.00,81.16,100.00,92.00,78.41,80.00,95.00,94.20,80.00,100.00
104925,,3,,2,3,3,3,2,,,3,1,,2,1,3,3,3,2,,3,2,M,0,0,P,P,194,245,,,,White,White,White,98.53,80.00,100.00,95.83,92.31,100.00,100.00,83.33,100.00,100.00,79.55,100.00,100.00,89.86,100.00,100.00
104933,,1,2,2,2,3,,2,,,1,1,2,2,1,2,3,,2,,,,F,1,1,P,,256,,"Hispanic, Latino, or of Spanish origin",,Black or African American,Black or African American,Black or African American,,92.65,95.00,100.00,94.57,100.00,100.00,100.00,94.20,100.00,100.00,75.00,70.00,92.50,81.16,80.00,95.00
104997,,3,3,3,,1,3,,,,2,1,3,3,1,,1,3,,,2,2,F,0,0,P,P,240,248,,,Other Non-URM,White,White,White,85.29,95.00,100.00,79.84,100.00,100.00,90.00,85.51,100.00,96.00,87.50,100.00,100.00,96.38,95.00,100.00
105057,,,3,3,3,,,,,,1,1,3,3,1,3,3,3,2,,,,F,0,0,P,P,263,265,,,White,White,White,White,100.00,100.00,100.00,92.24,88.46,100.00,100.00,94.20,92.86,92.00,95.45,100.00,90.00,96.38,100.00,100.00
105183,,2,1,1,2,1,1,,,,2,1,1,1,,2,1,1,,,1,3,M,1,1,F,P,192,229,,,Black or African American,African,Black or African American,Asian; Black or African American,92.65,80.00,95.00,97.37,92.31,95.00,90.00,94.20,100.00,78.00,67.05,100.00,95.00,79.71,100.00,90.00
105214,,1,,2,2,2,3,3,,,1,1,,2,1,1,2,3,3,,3,3,M,3,3,P,P,227,230,,,Decline to Respond,,,Unknown,100.00,95.00,100.00,95.61,100.00,100.00,90.00,94.20,92.86,100.00,82.95,70.00,65.00,98.55,100.00,
105292,,2,2,2,2,,2,1,,,2,1,2,2,1,2,,2,1,,2,2,M,0,0,P,P,239,255,,,White,White,White,White,91.18,95.00,90.00,91.49,92.31,95.00,95.00,89.86,96.43,92.00,84.09,80.00,85.00,87.68,75.00,100.00
105310,,,3,3,2,3,3,3,,,,1,3,3,1,2,3,3,3,,1,2,M,0,0,P,P,241,246,,,White,White,White,White,97.06,100.00,95.00,96.49,92.31,100.00,90.00,92.03,92.86,100.00,92.05,95.00,88.75,87.68,80.00,
105338,,3,,3,3,3,3,3,,,3,1,,3,1,3,3,3,3,,3,3,M,0,0,P,P,247,253,,,Asian Chinese,Asian,Asian,Asian,95.59,100.00,82.50,94.68,100.00,100.00,100.00,85.51,100.00,100.00,92.05,95.00,76.25,78.99,100.00,90.00
105342,,,2,2,2,1,2,3,,,,1,2,2,1,2,1,2,3,,2,3,F,1,1,P,P,247,249,"Hispanic, Latino, or of Spanish origin",,Spanish/Hispanic/Latino/Latina,White,White,"Hispanic, Latino, or of Spanish origin; White",91.18,100.00,100.00,99.14,,,,,,,89.77,100.00,100.00,98.55,95.00,100.00
105427,,3,3,,3,3,3,2,,,3,1,3,,1,3,3,3,2,,2,3,M,0,0,P,P,229,249,,,White,White,White,White,89.71,100.00,100.00,91.38,88.46,100.00,100.00,92.75,78.57,96.00,70.45,90.00,92.50,57.25,90.00,100.00
105488,,3,3,2,,3,3,,,,3,1,3,2,1,1,3,3,,,3,3,M,0,0,P,P,254,269,,,White,White,White,White,97.06,100.00,95.00,97.22,100.00,100.00,100.00,92.03,96.43,100.00,87.50,100.00,100.00,85.51,100.00,95.00
105604,,1,2,3,2,,3,1,,,1,1,2,3,1,1,,3,1,,1,2,D,3,3,P,P,224,244,,,Decline to Respond,,,Unknown,97.06,100.00,100.00,99.11,92.31,90.00,100.00,91.30,85.71,82.00,79.55,85.00,73.75,74.64,100.00,82.50
105632,,3,3,3,3,3,,2,,,3,1,3,3,1,3,3,,2,,,,F,0,0,P,P,237,249,,,Other Non-URM,Other,Other,Other,91.18,90.00,100.00,90.32,84.62,90.00,90.00,81.16,100.00,92.00,81.82,75.00,78.75,98.55,100.00,90.00
105717,,,2,2,2,2,3,3,,,,1,2,2,1,2,2,3,3,,1,2,F,0,0,P,P,214,231,,,White,White,White,White,80.88,100.00,95.00,89.00,88.46,100.00,100.00,92.03,96.43,96.00,72.73,85.00,96.25,85.51,100.00,77.50
105765,,2,1,,2,2,2,,,,1,1,1,,,1,2,2,,,2,2,F,0,0,P,P,211,218,,,White,White,White,White,,,,93.22,100.00,100.00,100.00,85.51,92.86,78.00,85.23,95.00,98.75,81.16,80.00,95.00
105787,,2,2,1,,1,2,1,,,1,1,2,1,1,,1,2,1,,,2,F,0,0,F,P,181,226,,,Asian Filipino,Asian,Asian,Asian; White,80.88,100.00,100.00,93.52,100.00,100.00,100.00,94.20,100.00,96.00,90.91,95.00,83.75,81.16,80.00,95.00
105907,,2,2,2,2,,3,2,,,2,1,2,2,1,2,,3,2,,3,3,F,1,1,P,P,244,256,"Hispanic, Latino, or of Spanish origin",,Spanish/Hispanic/Latino/Latina,Japanese,Asian,,98.53,85.00,95.00,93.48,100.00,90.00,100.00,96.38,92.86,100.00,96.59,100.00,100.00,89.86,100.00,95.00
105939,,3,3,3,3,,3,1,,,2,1,3,3,,3,,3,1,,2,3,M,0,0,P,P,252,257,,,White,White,White,White,92.65,95.00,95.00,95.69,88.46,80.00,100.00,96.38,92.86,92.00,85.23,95.00,76.25,87.68,95.00,77.50
105955,,,2,2,2,2,2,1,,,,1,1,2,1,2,1,2,1,,3,3,F,1,1,P,P,209,236,,,Native Hawaiian,Asian,Asian,,100.00,95.00,65.00,87.04,96.15,100.00,95.00,82.61,89.29,92.00,57.95,85.00,96.25,72.46,95.00,77.50
106005,,,2,2,3,,,,,,1,1,2,2,1,3,3,3,2,,,,M,1,1,P,P,259,261,"Hispanic, Latino, or of Spanish origin",,Spanish/Hispanic/Latino/Latina,White,White,"Hispanic, Latino, or of Spanish origin; White",95.59,100.00,100.00,96.00,88.46,95.00,100.00,86.23,100.00,96.00,88.64,95.00,83.75,72.46,95.00,77.50
106249,,3,3,3,3,3,,3,,,3,1,2,3,1,3,3,,3,,,,F,0,0,P,P,229,244,,,White,White,White,White,95.59,95.00,100.00,94.92,100.00,100.00,100.00,94.20,96.43,92.00,96.59,90.00,97.50,92.03,85.00,90.00
106334,,2,3,3,,3,2,1,,,2,1,3,3,1,1,3,2,1,,3,2,F,0,0,P,P,256,242,,,Asian Other,Asian,Asian,,,,,,,,,,,,,,,,,
106361,,,,,,,,,,2,,1,1,1,1,3,1,2,2,1,,,M,1,1,P,P,232,233,"Hispanic, Latino, or of Spanish origin",,Spanish/Hispanic/Latino/Latina,Japanese,Asian,,90.00,70.00,100.00,,83.00,95.00,96.00,100.00,100.00,80.00,,,,,,
106370,,2,1,1,2,,2,3,,,2,1,1,1,1,2,,1,3,,3,1,M,0,0,F,P,180,223,,,White,White,White,,,,,,,,,,,,,,,,,
106471,,,2,3,2,1,3,2,,,,1,2,3,1,1,1,3,2,,2,2,M,1,1,P,P,219,242,Colombian,,Spanish/Hispanic/Latino/Latina,White,White,,92.65,90.00,100.00,94.92,96.15,100.00,100.00,94.20,100.00,96.00,94.32,80.00,90.00,94.20,90.00,67.50
106565,,3,2,,3,1,2,1,,,3,1,2,,1,3,1,2,1,,2,2,F,1,1,P,P,203,247,"Hispanic, Latino, or of Spanish origin",,Spanish/Hispanic/Latino/Latina,White,White,"Hispanic, Latino, or of Spanish origin; White",98.53,75.00,100.00,96.30,96.15,90.00,100.00,89.86,92.86,100.00,90.91,90.00,82.50,87.68,90.00,
106636,,2,3,3,,3,2,3,,,2,1,3,3,1,1,3,2,3,,,2,M,0,0,P,P,246,255,,,White,White,White,White,100.00,80.00,100.00,94.57,92.31,85.00,100.00,70.29,89.29,100.00,86.36,70.00,82.50,98.55,95.00,
106649,,3,,3,3,3,2,3,,,3,1,,3,1,3,3,2,3,,2,2,M,0,0,P,P,267,271,,,White,White,White,White,95.59,100.00,100.00,97.87,100.00,90.00,100.00,81.16,96.43,100.00,96.59,95.00,88.75,98.55,95.00,
106651,,,1,3,3,,,,,,1,1,1,3,1,3,2,2,3,,,,M,0,0,P,P,228,224,,,Asian Chinese,Asian,Asian,Asian,91.18,95.00,100.00,90.32,92.31,85.00,100.00,87.68,92.86,88.00,85.23,60.00,75.00,92.03,85.00,95.00
106659,,3,2,2,3,3,3,,,,3,1,2,2,,3,3,3,,,3,3,F,1,1,P,P,223,241,"Hispanic, Latino, or of Spanish origin",,Spanish/Hispanic/Latino/Latina,Asian,Asian,,100.00,100.00,100.00,87.96,96.15,100.00,85.00,85.51,85.71,82.00,92.05,95.00,88.75,85.51,95.00,
106746,,2,2,,1,2,2,1,,,1,1,2,,1,1,2,1,1,,2,2,F,0,0,P,P,206,221,,,Other Non-URM,Other,Other,Other,80.88,80.00,95.00,95.83,100.00,95.00,100.00,89.86,92.86,96.00,87.50,90.00,97.50,85.51,100.00,90.00
106755,,,3,3,2,3,2,2,,,,1,3,3,1,2,3,1,2,,3,1,F,0,0,P,P,209,255,,,White,White,White,White,95.59,95.00,100.00,94.64,88.46,95.00,85.00,89.86,96.43,100.00,72.73,95.00,83.75,89.86,90.00,
106761,,,2,3,2,1,2,3,,,,1,2,3,1,2,1,3,3,,2,1,F,0,0,P,P,207,217,,,White,White,White,,,,,,,,,,,,,,,,,
106789,,,1,2,3,2,1,2,,,,1,1,2,1,3,2,1,2,,2,1,F,0,0,P,P,254,255,,,White,White,White,White,83.82,90.00,100.00,95.97,61.54,80.00,75.00,75.36,100.00,96.00,94.32,100.00,85.00,78.99,100.00,82.50
106793,,,1,1,3,,,,,,1,1,1,1,1,2,1,2,2,,,,M,0,0,P,P,194,231,,,White,White,White,White,94.12,90.00,100.00,90.43,80.77,90.00,95.00,65.94,100.00,96.00,79.55,100.00,65.00,57.25,100.00,95.00
106831,,3,,2,2,3,2,3,,,2,1,,2,1,2,3,2,3,,3,2,F,0,0,P,P,244,245,,,White,White,White,White,100.00,100.00,100.00,93.62,100.00,100.00,100.00,96.38,100.00,82.00,92.05,85.00,86.25,81.16,90.00,90.00
106838,,2,3,1,,2,2,,,,1,1,2,1,1,1,2,2,,,2,2,F,0,0,P,P,212,256,,,White,White,White,White,98.53,85.00,100.00,89.81,92.31,95.00,100.00,87.68,100.00,82.00,93.18,100.00,100.00,53.62,95.00,100.00
106905,,,2,,3,,2,2,,,,1,2,,1,3,,2,2,,3,2,F,1,1,P,P,211,229,"Hispanic, Latino, or of Spanish origin",,Spanish/Hispanic/Latino/Latina,White,White,"Hispanic, Latino, or of Spanish origin; White",97.06,100.00,100.00,93.86,88.46,95.00,100.00,81.88,89.29,96.00,98.86,100.00,100.00,94.20,95.00,95.00
107032,,,1,3,2,,,,,,1,1,1,3,1,1,2,2,3,,,,M,0,0,P,P,207,231,,,White,White,White,White,95.59,90.00,95.00,82.00,92.31,85.00,90.00,78.99,85.71,100.00,75.00,65.00,91.25,94.20,65.00,95.00
107034,,3,,3,3,2,2,1,,,3,1,,3,1,3,1,2,1,,1,1,M,1,0,P,P,228,248,,,Asian Vietnamese,Asian,Asian,Asian,94.12,90.00,100.00,92.55,96.15,100.00,95.00,94.20,96.43,100.00,87.50,85.00,91.25,94.20,90.00,80.00
107257,,,1,1,2,1,2,3,,,,1,1,1,1,2,1,2,3,,2,2,F,0,0,P,P,250,249,,,White,White,White,White,94.12,85.00,100.00,90.43,100.00,100.00,100.00,92.03,89.29,82.00,77.27,95.00,76.25,74.64,100.00,77.50
107261,,,2,2,3,,,,,,1,1,2,1,1,3,3,3,2,,,,M,1,1,P,P,221,249,"Hispanic, Latino, or of Spanish origin",,Spanish/Hispanic/Latino/Latina,,,"Hispanic, Latino, or of Spanish origin",97.06,90.00,100.00,88.04,92.31,100.00,100.00,84.06,89.29,96.00,88.64,100.00,100.00,81.16,95.00,100.00
107263,,1,3,,2,1,2,3,,,1,1,2,,1,1,1,1,3,,1,1,M,3,3,P,P,236,247,,,Decline to Respond,,,Unknown,97.06,85.00,72.50,92.39,100.00,100.00,100.00,87.68,85.71,96.00,72.73,75.00,76.25,86.23,100.00,85.00
107292,,1,2,2,2,3,3,2,,,1,1,2,2,1,1,3,3,2,,3,2,M,0,0,P,P,252,247,,,White,White,White,,,,,,,,,,,,,,,,,
107294,,,1,2,2,,,,,,1,1,1,2,1,1,1,2,1,,,,M,1,1,P,P,213,232,"Hispanic, Latino, or of Spanish origin",,Spanish/Hispanic/Latino/Latina,,,,90.00,80.00,81.00,,92.00,95.00,95.00,79.00,85.00,81.00,,,,,,
107304,,3,3,3,,3,3,3,,,3,1,3,3,1,1,3,3,3,,,3,M,1,1,P,P,249,255,"Hispanic, Latino, or of Spanish origin",,Spanish/Hispanic/Latino/Latina,White,White,"Hispanic, Latino, or of Spanish origin; White",100.00,100.00,100.00,97.83,100.00,100.00,100.00,92.03,100.00,96.00,92.05,95.00,98.75,89.86,85.00,85.00
107347,,,2,2,2,,,,,,1,1,2,2,1,2,3,3,2,,,,F,0,0,P,P,233,254,,,White,White,White,White,94.12,90.00,100.00,93.94,92.31,100.00,100.00,92.03,92.86,100.00,97.73,100.00,90.00,98.55,85.00,95.00
107380,2,,3,3,3,3,3,2,3,2,,1,3,3,1,3,3,3,2,3,3,3,M,0,0,P,P,255,265,,,White,White,White,,,,,,,,,,,,,,,,,
107385,,3,,3,3,3,3,3,,,2,1,,3,1,3,3,3,3,,3,3,F,0,0,P,P,206,242,,,Asian Filipino,Asian,Asian,Asian; White,98.53,95.00,100.00,96.81,100.00,100.00,100.00,89.86,96.43,100.00,95.45,100.00,90.00,98.55,90.00,90.00
107391,,,3,3,3,,,,,,1,1,3,3,1,3,3,3,3,,,,F,1,1,P,P,218,242,"Hispanic, Latino, or of Spanish origin",,American Indian or Alaska Native,Other,Other,,95.59,95.00,95.00,94.68,92.31,100.00,100.00,94.20,100.00,96.00,97.73,95.00,88.75,94.20,100.00,
107402,,,2,1,2,2,2,1,,,,1,2,1,1,2,2,1,1,,2,2,F,1,0,P,P,221,233,,,Asian Vietnamese,Asian,Asian,Asian,98.53,90.00,100.00,89.13,100.00,100.00,100.00,89.86,100.00,96.00,86.36,100.00,95.00,83.33,90.00,72.50
107405,,3,3,3,3,2,,2,,,3,1,3,3,1,3,2,,2,,,,F,0,0,P,P,237,233,,,White,White,White,White,98.53,100.00,95.00,97.00,92.31,100.00,100.00,89.86,67.86,92.00,92.05,100.00,90.00,81.16,95.00,60.00
107424,,3,,1,1,3,2,1,,,3,1,,1,1,1,3,2,1,,2,2,F,0,0,P,P,234,242,,,White,White,White,White,,,,95.45,96.15,95.00,100.00,94.20,96.43,96.00,95.45,100.00,100.00,98.55,100.00,85.00
107471,,,,1,1,,,1,,,,1,1,1,,1,,,1,,,,M,1,1,P,P,234,236,Cuban,,Spanish/Hispanic/Latino/Latina,,,"Hispanic, Latino, or of Spanish origin",76.47,80.00,72.50,89.47,96.15,80.00,95.00,94.20,92.86,96.00,73.86,80.00,80.00,68.12,90.00,95.00
107484,,3,3,,2,3,3,2,,,3,1,3,,1,3,3,3,2,,3,3,F,0,0,P,P,211,244,,,White,White,White,White,100.00,100.00,100.00,99.00,100.00,100.00,100.00,83.33,100.00,96.00,89.77,80.00,90.00,85.51,100.00,
107488,,1,1,2,2,,2,1,,,1,1,1,2,1,2,,2,1,,2,2,M,0,0,P,P,250,225,,,Asian Chinese,Asian,Asian,Asian,95.59,90.00,100.00,90.68,96.15,90.00,100.00,86.23,82.14,96.00,77.27,75.00,88.75,98.55,100.00,95.00
107535,,2,2,3,,1,2,2,,,2,1,2,3,1,1,1,2,2,,,2,F,0,0,P,P,206,237,,,White,White,White,White,94.12,90.00,100.00,94.44,96.15,100.00,100.00,89.86,89.29,88.00,97.73,100.00,90.00,86.23,95.00,100.00
107540,,3,3,3,,2,2,2,,,2,1,3,3,1,1,2,2,2,,,3,F,3,3,P,P,227,244,,,Decline to Respond,,,Unknown,98.53,95.00,82.50,94.44,100.00,95.00,100.00,97.10,100.00,100.00,94.32,100.00,100.00,94.20,95.00,82.50
107568,,2,2,2,1,,3,3,,,2,1,1,2,1,1,,2,3,,3,2,F,0,0,F,P,164,229,,,White,White,White,White,94.12,90.00,100.00,93.97,100.00,95.00,100.00,98.55,89.29,100.00,81.82,100.00,90.00,96.38,100.00,
107630,,3,3,3,,3,2,3,,,3,1,2,3,,1,3,3,3,,3,3,M,0,0,P,P,228,249,,,White,White,White,White,98.53,100.00,95.00,90.83,96.15,85.00,95.00,89.86,96.43,86.00,77.27,100.00,95.00,57.25,90.00,95.00
107947,,1,,2,2,2,3,3,,,1,1,,2,1,1,2,3,3,,3,3,F,1,1,P,P,199,236,Colombian,,Spanish/Hispanic/Latino/Latina,,,,,,,,,,,,,,,,,,,
107993,,,2,2,2,2,1,1,,,,1,2,2,1,2,2,1,1,,1,2,F,0,0,F,P,187,234,,,White,White,White,White,98.53,100.00,100.00,95.00,100.00,95.00,100.00,94.20,100.00,100.00,93.18,100.00,100.00,96.38,75.00,100.00
107995,,3,1,1,1,1,1,1,,,3,1,1,1,1,1,1,1,1,,1,1,F,1,1,P,P,200,228,,,American Indian or Alaska Native,American Indian or Alaskan Native,American Indian or Alaska Native,,96.00,95.00,93.00,,84.00,85.00,100.00,88.00,85.00,84.00,,,,,,
108039,,2,1,,,,2,2,,,2,1,1,,0,,,1,2,,2,2,M,0,0,P,P,221,239,,,White,White,White,White,82.35,75.00,100.00,79.84,69.23,70.00,100.00,74.64,89.29,96.00,85.23,75.00,66.25,73.19,90.00,77.50
108068,,3,,1,2,1,3,1,,,2,1,,1,1,1,1,2,1,,2,2,M,1,1,P,P,194,220,,,American Indian or Alaska Native,American Indian or Alaskan Native,American Indian or Alaska Native,American Indian or Alaska Native; Asian; White,98.53,90.00,100.00,96.55,92.31,95.00,100.00,96.38,100.00,82.00,92.05,100.00,95.00,72.46,85.00,85.00
108088,,,2,2,3,,,,,,1,1,2,2,1,3,2,2,2,,,,M,0,0,P,P,226,237,,,White,White,White,White,97.06,100.00,100.00,83.33,100.00,95.00,100.00,94.20,96.43,88.00,97.73,95.00,71.25,97.10,95.00,95.00
108174,,3,3,3,,3,3,,,,3,1,2,3,1,1,3,3,,,3,3,F,1,1,P,P,231,247,,,Black or African American,African American,Black or African American,Black or African American; White,97.06,100.00,100.00,97.22,96.15,95.00,90.00,96.38,96.43,96.00,87.50,70.00,92.50,98.55,90.00,95.00
108230,,,1,1,2,,,,,,1,1,1,1,1,1,1,2,1,,,,F,1,1,F,P,191,228,"Hispanic, Latino, or of Spanish origin",,American Indian or Alaska Native,African American,Black or African American,,91.18,95.00,95.00,85.19,88.46,90.00,80.00,94.20,64.29,88.00,63.64,90.00,82.50,50.72,100.00,90.00
108262,,3,2,2,2,2,,3,,,2,1,2,2,1,2,2,,3,,,,F,0,0,P,P,211,233,,,Asian Other,Asian,Asian,Asian; Other; White,91.18,100.00,100.00,89.13,84.62,100.00,95.00,74.64,100.00,96.00,72.73,80.00,90.00,98.55,90.00,72.50
108342,,,3,3,3,,,,,,1,1,3,3,1,3,2,3,1,,,,F,0,0,P,P,250,256,,,White,White,White,White,94.12,85.00,100.00,93.22,100.00,100.00,100.00,92.03,89.29,96.00,64.77,85.00,86.25,61.59,90.00,82.50
108343,,3,3,2,2,2,3,,,,3,1,3,2,,2,2,3,,,3,3,M,0,0,P,P,262,255,,,White,White,White,White,92.65,80.00,100.00,93.22,100.00,95.00,100.00,89.86,75.00,96.00,84.09,70.00,87.50,98.55,95.00,82.50
108514,,3,1,3,,2,2,2,,,3,1,1,3,,1,2,2,2,,2,3,M,1,0,P,P,208,241,,,Asian Vietnamese,Asian,Asian,Asian,92.65,85.00,100.00,96.55,100.00,90.00,100.00,94.20,96.43,100.00,86.36,100.00,100.00,82.61,100.00,90.00
108555,,3,3,2,,3,3,,,,3,1,3,2,1,1,3,3,,,3,2,M,0,0,P,P,215,247,,,Asian Indian,Asian,Asian,Asian,98.53,90.00,100.00,98.00,96.15,100.00,100.00,96.38,96.43,96.00,98.86,100.00,90.00,83.33,90.00,90.00
108567,,2,2,,1,2,2,1,,,1,1,2,,1,1,2,2,1,,1,1,F,3,3,P,P,250,257,,,Decline to Respond,,,Unknown,95.59,95.00,82.50,95.00,100.00,100.00,100.00,89.86,67.86,96.00,73.86,55.00,83.75,94.20,90.00,100.00
108584,,3,3,3,2,,3,3,,,3,1,3,3,1,2,,3,3,,3,3,M,0,0,P,P,244,262,,,White,White,White,White,94.12,100.00,100.00,89.81,92.31,100.00,100.00,92.75,89.29,82.00,88.64,80.00,95.00,85.51,95.00,100.00
108650,,2,2,3,,1,3,3,,,1,1,2,3,1,1,1,3,3,,,3,F,0,0,P,P,227,231,,,Asian Indian,Asian,Asian,Asian,100.00,100.00,100.00,94.35,88.46,100.00,95.00,92.03,82.14,100.00,82.95,85.00,81.25,84.06,95.00,100.00
108728,,1,1,,1,2,2,2,,,1,1,2,,1,1,1,2,2,,2,2,M,0,0,P,P,210,235,,,White,White,White,White,97.06,90.00,100.00,95.76,100.00,100.00,100.00,92.03,89.29,96.00,90.91,80.00,95.00,87.68,90.00,95.00
108778,,3,3,,3,3,3,2,,,3,1,3,,1,3,3,3,2,,3,3,F,0,0,P,P,260,263,,,White,White,White,White,97.06,95.00,100.00,93.10,96.15,90.00,100.00,94.20,96.43,100.00,92.05,100.00,100.00,92.03,100.00,95.00
108781,,,1,2,2,3,2,1,,,,1,1,2,1,1,3,3,1,,3,3,M,1,1,P,P,226,237,"Hispanic, Latino, or of Spanish origin",,Spanish/Hispanic/Latino/Latina,,,"Hispanic, Latino, or of Spanish origin",98.53,95.00,100.00,98.21,92.31,100.00,100.00,78.99,96.43,82.00,92.05,50.00,87.50,92.03,85.00,100.00
108838,,,2,2,1,2,3,1,,,,1,2,2,1,1,2,3,1,,2,3,M,0,0,P,P,237,242,,,White,,,White,82.35,80.00,95.00,98.00,100.00,95.00,100.00,90.58,92.86,82.00,97.73,80.00,60.00,89.86,95.00,85.00
108849,3,,2,2,2,3,3,3,3,2,,1,2,2,1,3,2,2,2,2,2,1,M,0,0,P,P,207,242,,,White,White,White,,,,,,,,,,,,,,,,,
108889,,,1,2,2,2,3,1,,,,1,1,2,1,1,2,3,1,,2,3,M,0,0,P,P,228,247,,,White,White,White,White,98.53,100.00,95.00,,84.62,85.00,95.00,85.51,71.43,88.00,69.32,95.00,71.25,81.16,100.00,
108917,,,2,2,3,1,2,1,,,,1,2,2,1,3,1,2,1,,2,3,F,0,0,P,P,227,251,,,White,White,White,White,89.71,90.00,95.00,95.61,92.31,70.00,100.00,78.99,100.00,92.00,93.18,100.00,77.50,89.86,100.00,95.00
109029,,2,2,1,,,2,3,,,1,1,1,1,1,1,,1,3,,2,1,M,0,0,P,P,223,243,,,Decline to Respond,,,,,,,,,,,,,,,,,,,
109061,,3,3,3,,3,3,,,,3,1,3,3,1,1,3,3,,,3,3,F,0,0,P,P,261,259,,,White,White,White,White,97.06,85.00,100.00,92.37,100.00,100.00,100.00,81.88,96.43,100.00,87.50,100.00,100.00,96.38,75.00,100.00
109076,,1,1,3,2,3,3,3,,,1,1,1,3,1,2,3,3,3,,2,3,F,0,0,P,P,237,254,,,White,,,White,97.06,100.00,95.00,93.55,100.00,100.00,95.00,89.86,100.00,100.00,98.86,95.00,76.25,96.38,95.00,
109103,2,,1,2,2,3,2,1,2,2,,1,1,2,1,2,3,2,1,2,2,2,M,0,0,P,P,242,260,,,Asian Korean,Asian,Asian,,,,,,,,,,,,,,,,,
109167,,3,3,2,3,2,2,,,,3,1,3,2,,3,2,2,,,3,1,M,0,0,P,P,257,265,,,White,White,White,White,95.59,100.00,100.00,95.16,100.00,85.00,100.00,92.03,96.43,100.00,67.05,95.00,98.75,85.51,100.00,82.50
109212,3,,1,1,2,3,3,1,1,2,,1,1,1,1,1,2,3,1,1,2,2,M,1,0,P,P,207,247,,,Asian Vietnamese,Asian,Asian,,,,,,,,,,,,,,,,,
109219,1,,2,3,3,2,2,3,1,1,,1,2,3,1,3,2,1,3,1,3,2,F,1,1,P,P,232,257,"Hispanic, Latino, or of Spanish origin",,,,,,,,,,,,,,,,,,,,,
109254,,3,3,,3,3,3,2,,,3,1,3,,1,3,3,3,2,,3,3,F,0,0,P,P,256,251,,,White,White,White,White,95.59,100.00,95.00,91.00,92.31,100.00,100.00,94.20,100.00,100.00,87.50,75.00,83.75,85.51,100.00,72.50
109281,,2,,1,3,1,2,,,,2,1,,1,,3,1,1,,,2,2,F,0,0,P,P,204,222,,,Other Non-URM,Other,Other,,,,,,,,,,,,,,,,,
109371,,3,2,3,3,3,3,,,,3,1,2,3,,3,2,3,,,,,M,0,0,P,P,241,255,,,White,White,White,White,88.24,80.00,90.00,96.21,92.31,95.00,95.00,94.20,96.43,88.00,80.68,80.00,80.00,83.33,85.00,90.00
109405,,,1,3,1,2,2,1,,,,1,1,3,1,1,2,1,1,,1,1,M,1,1,P,P,225,240,"Hispanic, Latino, or of Spanish origin",,Black or African American,Black or African American,Black or African American,,97.06,80.00,95.00,74.14,96.15,100.00,90.00,94.20,92.86,82.00,80.68,90.00,75.00,94.20,100.00,72.50
109412,,3,2,1,3,2,,2,,,2,1,2,1,1,3,2,,2,,,,M,1,1,P,P,221,240,Argentinean,,Spanish/Hispanic/Latino/Latina,White,White,"Hispanic, Latino, or of Spanish origin; White",95.59,95.00,100.00,97.83,100.00,100.00,100.00,87.68,100.00,88.00,80.68,95.00,98.75,81.16,90.00,95.00
109454,,1,1,2,2,,1,3,,,1,1,1,2,1,2,,1,3,,2,2,F,0,0,P,P,200,235,,,Asian Chinese,Asian,Asian,Asian,85.29,60.00,72.50,91.53,100.00,90.00,90.00,81.16,100.00,96.00,84.09,100.00,95.00,84.06,100.00,95.00
109547,,3,2,2,3,1,,2,,,2,1,2,2,1,3,1,,2,,,,F,0,0,P,P,207,248,,,White,White,White,White,97.06,90.00,85.00,91.94,96.15,95.00,90.00,92.03,71.43,96.00,87.50,50.00,87.50,89.86,75.00,82.50
109621,,1,2,,2,2,2,2,,,1,1,2,,1,1,1,2,1,,2,3,M,0,0,P,P,200,222,,,White,White,White,White,98.53,85.00,95.00,91.67,92.31,80.00,80.00,83.33,85.71,96.00,81.82,100.00,85.00,81.88,90.00,95.00
109684,1,,1,3,3,1,2,2,2,1,,1,1,3,1,3,1,1,2,2,3,1,M,0,0,P,P,225,242,,,White,White,White,,,,,,,,,,,,,,,,,
109741,,,3,2,3,,,,,,1,1,3,2,1,3,3,3,3,,,,F,0,0,P,P,215,247,,,Asian Indian,Asian,Asian,Asian,91.18,100.00,100.00,100.00,100.00,100.00,95.00,92.03,100.00,96.00,86.36,100.00,90.00,89.86,100.00,
109751,,3,3,3,2,,2,3,,,3,1,2,3,1,3,,2,3,,2,3,F,1,1,P,P,244,251,"Hispanic, Latino, or of Spanish origin",,Spanish/Hispanic/Latino/Latina,,,"Hispanic, Latino, or of Spanish origin",97.06,90.00,100.00,97.32,100.00,100.00,100.00,90.58,92.86,96.00,96.59,100.00,85.00,98.55,100.00,
109848,,3,3,,,2,3,2,,,2,1,3,,1,1,2,3,2,,3,3,F,0,0,P,P,249,266,,,White,White,White,,,,,,,,,,,,,,,,,
109865,,3,3,,2,2,2,2,,,3,1,3,,1,3,2,2,2,,2,1,M,0,0,P,P,259,270,,,White,White,White,White,69.12,80.00,100.00,97.00,100.00,95.00,100.00,92.03,96.43,96.00,85.23,100.00,90.00,94.93,95.00,82.50
109913,,3,3,3,3,,3,3,,,3,1,3,3,1,3,,3,3,,2,3,F,0,0,P,P,242,254,,,Other Non-URM,Other,Other,Other,92.65,90.00,95.00,85.19,100.00,100.00,100.00,88.41,92.86,100.00,93.18,85.00,91.25,98.55,100.00,90.00
109931,2,,3,1,2,1,1,2,2,2,,1,2,1,1,2,1,1,2,2,3,2,M,0,0,P,P,232,239,,,White,White,White,,,,,,,,,,,,,,,,,
109945,3,,2,2,2,3,2,1,3,3,,1,2,2,1,2,3,2,1,3,3,2,F,1,1,P,P,230,219,,,American Indian or Alaska Native,American Indian or Alaskan Native,American Indian or Alaska Native,,,,,,,,,,,,,,,,,
109954,,,2,3,3,,,,,,1,1,2,3,1,3,1,1,2,,,,F,1,1,P,P,223,223,,,Black or African American,Black or African American,Black or African American,,,,,,,,,,,,,,,,,
109962,,2,1,,2,1,1,1,,,2,1,1,,1,1,1,1,1,,1,2,M,1,1,P,P,226,244,Not Spanish/Hispanic/Latino/Latina,,Not Hispanic or Latino,American Indian or Alaska Native,American Indian or Alaska Native,Amer Ind-Alaska Nat;Black or African Amer;White,98.53,85.00,100.00,,96.15,100.00,100.00,89.86,85.71,96.00,62.50,75.00,83.75,62.32,95.00,80.00
